time,SURF-DRN
339754363.2838,-0.200888451
713484162.8959,-0.200883529
1124586942.469,-0.200879766
1576800000.000,-0.200876475
