time,SURF-DRN
339754363.2838,-0.197635405
713484162.8959,-0.197635405
1124586942.469,-0.197635405
1576800000.000,-0.197635405
