time,RIV
339754363.2838,0.785199583
713484162.8959,0.785198798
1124586942.469,0.785198160
1576800000.000,0.785197570
