time,RIV
339754363.2838,0.786781361
713484162.8959,0.786781361
1124586942.469,0.786781361
1576800000.000,0.786781361
