time,SURF-DRN
339754363.2838,-0.199255583
713484162.8959,-0.199255583
1124586942.469,-0.199255583
1576800000.000,-0.199255583
