time,SURF-DRN
339754363.2838,-0.199126849
713484162.8959,-0.199128221
1124586942.469,-0.199130068
1576800000.000,-0.199132298
