time,RIV
339754363.2838,0.785999691
713484162.8959,0.785999691
1124586942.469,0.785999691
1576800000.000,0.785999691
