time,RIV
339754363.2838,0.785907645
713484162.8959,0.785915832
1124586942.469,0.785922931
1576800000.000,0.785928718
