time,RIV_7_0
1.000000000000,-20.55257306
31.41666666667,-18.25261566
61.83333333333,-16.82309223
92.25000000000,-15.76800548
122.6666666667,-14.94367370
153.0833333333,-14.27408380
183.5000000000,-13.71264584
213.9166666667,-14.37599303
244.3333333333,-14.67316299
274.7500000000,-14.83280422
305.1666666667,-14.91923093
335.5833333333,-14.95467806
366.0000000000,-14.97683900
