time,SURF-DRN
1.000000000000,-0.516268265
