time,RCH
1.000000000000,0.676830421E-01
