time,RIV
1.000000000000,7.35339000
