time,SURF-DRN
1.000000000000,-0.199255583
