time,RCH
1.000000000000,0.674476641E-01
