time,RIV
1.000000000000,0.785999691
