time,SURF-DRN
339754363.2838,-0.198362423
713484162.8959,-0.198392846
1124586942.469,-0.198372549
1576800000.000,-0.198386208
