time,RCH
339754363.2838,0.674476641E-01
713484162.8959,0.674476641E-01
1124586942.469,0.674476641E-01
1576800000.000,0.674476641E-01
