time,RIV
339754363.2838,0.786590944
713484162.8959,0.786591187
1124586942.469,0.786591831
1576800000.000,0.786592243
